Year,Amount
2011,4871.637869
2012,5048.291825
2013,5139.827669
