year,using,not using
2013,47.45789617,52.54210383
2014,49.52732126,50.47267874
